id_1,id_2
5bd45bec9dff2f34a31d87fc60c5529c,657b8274fba264349a087bfd
b2895f0227e0a27256a45e8f8fe088fd,657b8274fba264349a087ce4
1dc5f63f502fa2554d5ef65833e53723,657b8274fba264349a088263
cdde41da432394060bf0ea970203bdf2,657b8274fba264349a088b3c
58bbd13281d14cc7e395ef3ccc40e255,657b8274fba264349a089f09
b18c5dd41f6ed34b240f755af8c33db1,657b8274fba264349a08acbc
385dd585dd7b9d39f890d724643741dd,657b8274fba264349a08af79
0a9f1c04357337326c9a606ac9a2a54c,657b8275fba264349a08c13e
bb157aa10b8571403d2e8b1f0bae1055,657b8275fba264349a08dca5
afb30515b9011fe3cc2a5d72a85d2b5f,657b8275fba264349a08e743
4f00aac4dadcd181f09dd4b1ca863a4f,657b8275fba264349a08ed20
2d061ec19d70802180c8a4425d18f714,657b8275fba264349a090287
c67fbc9dd160d8617a3ad61e086bef5b,657b8275fba264349a091f23
7c136389f9478a172c6d0416a2ab2ad5,657b8275fba264349a094070
cc13166cd859f14183e970a4e8ac46ff,657b8276fba264349a0962ea
a3702fcd12f461611bc3ab62578063c2,657b8276fba264349a097e35
d2a6fbf15010e060832cebb2319c4e3b,657b8276fba264349a099e1f
90a3347b2d683afb658777c4ff0d1b0c,657b8276fba264349a09adf0
310a476ec798bd77a30be8446e41769d,657b8276fba264349a09b710
2e6d194ac62ae8f28504fbc37da503c0,657b8276fba264349a09d06a
018b51a647fba1c428fcab78050451df,657b8276fba264349a09d253
6e202619993f1a5cfb922a5bd72c613b,657b8276fba264349a09e6bd
a09d1726fd2b6a55f598affb6c6c114b,657b8276fba264349a0a1548
242288dbcbc14330cd859cb007cc81bb,657b8277fba264349a0a3cb2
08f30bbd6ffbf191f5e3401b50ac9fa9,657b8277fba264349a0a564c
7fe6ec75b052f69feb6116d1ede6b7e6,657b8277fba264349a0a587c
658767090256bfd637f7f58177cb2236,657b8277fba264349a0a692d
bc021e590562550f4f6b68706631190e,657b8277fba264349a0a7fe7
cb823c4a878f90812afdf85d678418c7,657b8277fba264349a0a817b
c1a11bc32400d2978ed8ff6ae715e40e,657b8277fba264349a0a8522
4684c912c8ecf297afc118874942189b,657b8277fba264349a0a8fe6
aa74f58bdd3fee9d7a25637282910749,657b8277fba264349a0aa508
cd52d52d5c2780e21544ecf554696a64,657b8277fba264349a0abee4
c5ce75881922b73f831798d9c2f93a82,657b8277fba264349a0ac6c9
a62913666f4cb3156745c6dd4281223e,657b8277fba264349a0ac9e0
db80b76b45e54f49274d98b090646a97,657b8277fba264349a0ad44a
ab6f2732d83aa177cbf21c743603443b,657b8278fba264349a0ae76e
5bc0d4362ba67af890ab6247372b0881,657b8278fba264349a0aee55
672edada0c764fd7bd969c9aa58d28c4,657b8278fba264349a0af38b
